{
  "train_loss": [
    1.0348956189372323,
    0.9323352009057999,
    0.8887141857634892,
    0.8668956044045362,
    0.8698388968001712,
    0.8573706429113042,
    0.8446905019608411,
    0.8546804783019153,
    0.8358794093809344,
    0.8255075878717683,
    0.8108127270232547,
    0.7973847507753156,
    0.8041863320903344,
    0.7800255698236552,
    0.763589333133264,
    0.7417802138762041,
    0.7390278538519686,
    0.7245109541849657,
    0.7143360882997513,
    0.7054291971705177,
    0.7006177721375769,
    0.6908916847272353,
    0.6890790104866028,
    0.6789231396534227,
    0.6675041387365623,
    0.6746154785494912,
    0.6522176741199059,
    0.6436148097569292,
    0.6349403204904361,
    0.6268683583898977
  ],
  "val_loss": [
    0.9985462175682187,
    0.8669292069971561,
    0.893408278003335,
    0.8537922240793705,
    0.803759909234941,
    0.8921947237104177,
    0.8340539941564202,
    0.8252277746796608,
    0.8188046663999557,
    0.8506033690646291,
    0.8239756375551224,
    0.8021080531179905,
    0.7722837552428246,
    0.7554951719939709,
    0.779266974888742,
    0.7696886323392391,
    0.7410175818949938,
    0.7256907755509019,
    0.7260899366810918,
    0.7075122250244021,
    0.6608970984816551,
    0.707058385014534,
    0.6527886912226677,
    0.7087921919301152,
    0.6914309673011303,
    0.6472062738612294,
    0.6439521359279752,
    0.690175143070519,
    0.6533002243377268,
    0.6352780573070049
  ],
  "train_acc": [
    67.11840228245364,
    68.7018544935806,
    68.81597717546363,
    69.37232524964337,
    68.85877318116975,
    69.20114122681883,
    69.52924393723252,
    68.98716119828816,
    69.81455064194009,
    70.47075606276748,
    70.62767475035663,
    70.95577746077034,
    71.34094151212554,
    71.45506419400856,
    71.89728958630528,
    72.89586305278173,
    72.96718972895863,
    72.95292439372325,
    73.46647646219687,
    74.10841654778888,
    73.88017118402283,
    75.12125534950071,
    74.89300998573466,
    75.1355206847361,
    75.50641940085592,
    75.89158345221112,
    75.99144079885878,
    76.11982881597717,
    76.6904422253923,
    76.91868758915834
  ],
  "val_acc": [
    64.83516483516483,
    68.43156843156844,
    69.93006993006993,
    69.53046953046953,
    70.32967032967034,
    70.72927072927072,
    71.12887112887113,
    70.62937062937063,
    73.22677322677323,
    71.02897102897103,
    72.02797202797203,
    73.62637362637362,
    72.82717282717283,
    72.82717282717283,
    74.02597402597402,
    74.32567432567433,
    74.62537462537462,
    74.12587412587412,
    74.42557442557442,
    75.12487512487513,
    76.72327672327673,
    77.22277722277722,
    75.92407592407592,
    74.92507492507492,
    77.22277722277722,
    76.22377622377623,
    76.92307692307692,
    75.32467532467533,
    76.72327672327673,
    78.02197802197803
  ]
}